index,thickness,intensity
0,1.8921175,88.2757
1,2.0689046,110.476395
2,2.4756508,111.120834
3,2.7319608,205.34181
4,2.4131312,155.11731
5,2.5554059,187.06833
6,3.4758177,238.0616
7,1.9569504,143.3353
8,2.8074038,184.03429
9,2.3679461,115.53641
10,2.546887,191.06033
11,2.0818188,121.57332
12,2.6655705,134.46259
13,3.207458,214.37648
14,1.588771,81.13943
15,1.9972153,168.69167
16,2.4729106,137.11826
17,2.3640933,116.58519
18,1.5896776,95.61377
19,2.27348,159.61356
20,2.3389592,121.91374
21,3.2111611,208.59335
22,2.7554433,172.43712
23,2.5575955,182.42198
24,2.6944013,184.62296
25,1.7775667,119.870346
26,1.9997256,85.55169
27,1.7230303,88.95419
28,1.729173,81.41282
29,2.4744482,152.53775
30,2.6583724,172.3963
31,1.8868797,89.651146
32,2.8678951,191.73868
33,1.8332932,84.746376
34,2.4111674,185.64636
35,2.2614837,186.48544
36,1.532527,101.368576
37,3.4507499,236.79929
38,1.996901,101.169975
39,3.8852665,246.63892
40,1.4161775,76.264984
41,2.3669114,127.07862
42,2.68327,188.63815
43,1.7185599,98.12291
44,2.0252352,118.581055
45,2.2496228,143.78561
46,1.9559357,90.31644
47,4.2120743,251.2236
48,3.2109056,201.78131
49,4.08519,247.99284
50,2.515316,157.92404
51,2.2359207,153.83478
52,4.472203,252.76689
53,2.2398636,116.76658
54,2.8672748,196.10637
55,1.9535171,106.62472
56,2.866446,196.59053
57,1.9031531,101.49886
58,2.257646,142.51486
59,1.8678777,110.37225
60,2.4107733,136.91957
61,1.9848688,104.636444
62,1.8668251,121.23703
63,2.2262082,140.17969
64,2.2860882,181.15823
65,2.3903346,166.05043
66,1.6286772,121.77725
67,1.984524,125.94722
68,3.073526,223.31476
69,2.0041933,107.851685
70,2.8649232,185.69481
71,1.4671016,98.67378
72,3.1896644,223.34924
73,2.059382,115.13986
74,1.9633312,142.14233
75,2.514872,113.53953
76,3.8045478,247.60258
77,2.4666522,166.60034
78,2.338173,142.50696
79,3.2784252,229.20946
80,2.887508,220.43538
81,2.4231896,146.67072
82,1.7106236,82.71002
83,1.9998691,137.20206
84,2.307561,139.48853
85,3.6189866,223.68991
86,3.261932,218.68375
87,2.3404284,114.89194
88,2.0662751,112.69455
89,3.4066534,214.30211
90,3.085561,200.46962
91,2.4541898,142.39447
92,2.588535,191.95004
93,2.9229403,198.20242
94,3.3920996,215.95518
95,1.9177544,121.98725
96,2.0545514,95.233986
97,2.031084,141.20471
98,1.896177,113.60543
99,1.1524212,76.471695
100,2.320664,120.615234
101,3.7008576,230.652
102,2.3285632,154.02008
103,3.6653898,227.1323
104,3.6111429,222.26608
105,2.2402072,152.38788
106,2.4192567,149.0206
107,3.4836624,223.34126
108,2.9738522,189.1676
109,1.8185074,120.52319
110,3.167516,232.67961
111,1.6677096,115.81378
112,2.8274071,203.99457
113,2.955522,167.13203
114,2.8607388,225.74063
115,2.024992,136.41893
116,1.6716063,76.56263
117,4.097119,249.34544
118,2.581267,123.36418
119,1.8146727,115.59086
120,2.0955904,120.81523
121,3.6061883,248.0163
122,2.9589658,201.90878
123,1.3071592,72.781975
124,1.499129,99.71062
125,3.0463386,192.36798
126,1.7264297,125.9592
127,2.593183,153.67392
128,3.69877,220.06029
129,1.8630731,107.937836
130,2.59559,174.2548
131,2.1477306,154.31693
132,3.2761202,218.41211
133,2.4781775,152.10428
134,2.706388,184.35577
135,1.6247269,78.729965
136,1.9390867,114.292725
137,3.1594584,208.15529
138,2.7138283,170.87457
139,3.2214572,206.2568
140,2.3082788,101.1434
141,1.5215762,86.172935
142,3.821282,244.58067
143,3.4002986,229.32423
144,1.9713166,152.4709
145,3.398475,240.20676
146,2.180366,95.34216
147,2.104865,137.8787
148,4.1288943,245.772
149,2.7738738,165.98698
150,4.3545923,249.05855
151,2.2614012,158.81021
152,3.2597868,233.84901
153,4.6323833,252.89929
154,1.8370136,88.60483
155,2.2631624,103.20209
156,2.392864,123.67709
157,2.3720937,144.1918
158,1.986238,110.18527
159,3.397405,221.36278
160,3.055259,219.37378
161,2.6009698,162.05241
162,4.072578,246.15707
163,2.4642603,152.42902
164,1.3953557,74.39678
165,2.4310355,175.92612
166,2.4202614,117.96788
167,2.3504462,145.28848
168,3.370402,244.24596
169,3.0293212,208.03125
170,2.7666278,179.04681
171,2.3053756,163.29791
172,1.764147,114.74787
173,1.288276,78.573364
174,4.1978054,243.93465
175,1.8358004,107.03386
176,2.4136605,132.1244
177,2.1056705,134.99168
178,1.8441484,82.364105
179,1.7130263,93.28133
180,2.773376,188.4754
181,2.3849695,112.50026
182,2.7072272,180.48439
183,2.117118,144.9245
184,1.7674208,83.15352
185,2.0016685,88.534935
186,3.0340629,179.86496
187,2.4979386,143.89362
188,3.0786223,178.92844
189,2.4357939,156.14124
190,1.6960015,97.28362
191,1.6842053,91.475784
192,1.2612625,88.18004
193,2.9151278,166.81467
194,2.6252232,149.50659
195,1.8043315,87.23326
196,3.2740188,225.76837
197,2.007785,140.75642
198,1.365065,75.43524
199,2.1708484,92.42661
200,4.2907352,252.52109
201,3.2956362,219.6916
202,1.9212055,107.383934
203,2.7815,202.21602
204,4.5133915,248.12543
205,2.8126693,191.75168
206,3.4470942,235.7553
207,2.191441,140.13593
208,3.7148042,232.91206
209,2.038756,115.74493
210,2.43957,142.97855
211,1.9567907,113.40302
212,2.1791067,143.33658
213,1.7062796,99.05749
214,2.3375971,142.9621
215,2.724858,206.33528
216,2.0414524,98.25172
217,2.9601011,208.8013
218,1.6049707,92.11326
219,3.4154248,225.47298
220,2.0859985,139.76299
221,3.4898767,226.76158
222,2.3712883,175.22188
223,3.6742806,229.77075
224,2.1707008,114.251236
225,3.9571927,243.36902
226,2.1779342,130.67497
227,2.1620946,102.42822
228,3.422543,230.8777
229,2.7115817,191.00552
230,2.432771,176.43184
231,2.474749,177.13342
232,1.9910514,114.954544
233,1.6241013,84.51865
234,2.4165492,123.74748
235,3.4379506,222.94548
236,2.2164931,141.72241
237,2.6117964,187.69922
238,2.481687,143.77206
239,3.736337,248.27888
240,1.5033308,90.250824
241,2.9479384,196.67532
242,2.22065,139.48962
243,2.8742177,185.50714
244,3.6520207,237.10072
245,2.3404076,213.3969
246,2.781109,218.32652
247,2.271696,200.72485
248,2.3362966,134.88672
249,2.0645826,95.87856
250,2.113671,104.03731
251,2.6438556,189.04414
252,1.7462261,95.544
253,2.0105476,140.8966
254,1.682414,76.49036
255,2.034112,89.82594
256,2.9734254,196.8861
257,3.023311,210.41188
258,2.5888872,152.70511
259,3.1518052,202.526
260,3.856593,244.69312
261,3.0691748,208.01326
262,2.0486364,139.08777
263,4.349484,248.13762
264,2.7906997,220.1779
265,2.7326844,186.74268
266,2.0437877,136.62558
267,3.5091338,235.42458
268,2.453545,163.54773
269,2.5848448,179.91974
270,1.793237,92.964264
271,2.7444813,198.58911
272,3.6416297,240.62202
273,3.5902681,233.72037
274,2.173653,95.152534
275,2.8591106,185.09932
276,2.8279452,197.86043
277,2.5504308,163.19997
278,1.9929326,126.23862
279,2.7797763,178.30197
280,2.9157639,218.40356
281,1.3526809,82.77131
282,3.3302913,223.88733
283,1.9264069,91.08922
284,2.3938441,178.88638
285,2.1597657,153.88388
286,2.4072533,133.99686
287,3.6142423,229.73485
288,3.3580813,231.70532
289,2.8251736,206.85814
290,2.9088778,204.38106
291,2.718492,165.2322
292,2.9367232,202.81404
293,2.71457,158.46017
294,2.0453632,104.78811
295,1.5502988,93.58646
296,1.3554442,87.75534
297,1.6482656,84.47355
298,1.901103,93.526505
299,2.297522,194.1491
300,2.2509093,91.129684
301,2.0989134,94.15512
302,3.4460537,210.16035
303,3.569222,228.0285
304,4.6577306,252.44754
305,1.5511441,89.402084
306,3.0074794,228.62865
307,2.6932693,157.2279
308,1.6171013,81.759964
309,2.4133854,168.49771
310,2.2401395,114.89206
311,2.683763,196.74278
312,1.9921274,112.47836
313,2.8441787,216.79622
314,2.4844782,159.37546
315,3.6076813,248.1513
316,2.3638396,120.17292
317,2.8297086,207.72577
318,2.890576,171.52919
319,3.1589134,200.35559
320,1.2439003,86.79201
321,2.1416783,178.72371
322,2.0904896,155.71681
323,1.8686402,87.7139
324,1.7114675,90.59683
325,2.5883236,148.09045
326,3.269404,181.69489
327,2.7277694,176.29428
328,2.1871428,135.09302
329,1.6795397,78.43248
330,1.9268029,133.18507
331,2.9989793,196.00763
332,2.6078055,143.54166
333,2.640493,156.26498
334,2.846817,182.8085
335,2.7967544,179.76067
336,1.6247873,99.967926
337,2.0755382,130.84749
338,2.126941,116.84951
339,2.2546587,114.49417
340,3.1096787,212.17079
341,1.7744263,103.043076
342,3.8735557,249.54182
343,3.536561,215.35536
344,2.0282793,100.61306
345,3.09503,225.36299
346,2.849422,213.02689
347,1.8310233,89.472435
348,1.5231037,79.298355
349,2.7287638,217.25575
350,2.5650802,151.13855
351,2.2155907,161.37604
352,3.0464525,191.11002
353,3.2924278,219.62285
354,1.0584966,67.5222
355,1.6157643,98.640236
356,2.6652417,173.54848
357,1.1648397,71.830696
358,2.4564383,159.10425
359,1.9953879,159.28046
360,2.169809,145.84799
361,2.309351,148.56311
362,1.9147708,127.56147
363,1.8109477,110.24704
364,2.059287,111.96275
365,3.3519692,229.73508
366,1.7561114,87.09379
367,3.0411124,213.90671
368,2.055316,119.61402
369,3.5269282,230.29373
370,1.5175645,99.09993
371,1.9665453,105.292946
372,2.422469,177.88943
373,1.9934534,144.78986
374,2.399222,155.7698
375,2.2343194,118.50104
376,1.6418658,97.14531
377,2.1696873,113.1752
378,2.5647616,188.36038
379,4.108608,236.11604
380,2.8977695,202.87927
381,2.7534606,214.57733
382,2.883654,181.88428
383,3.0629196,219.23218
384,2.7751508,206.85316
385,3.324376,229.95244
386,2.3305962,127.58054
387,2.4535995,179.82559
388,3.050775,227.49396
389,3.0470183,183.5069
390,4.1560955,250.9522
391,2.5421884,144.07117
392,2.7403584,188.35574
393,2.9040198,182.09116
394,2.162963,130.26352
395,1.5956712,93.59574
396,3.1287453,196.81271
397,1.9528286,109.19779
398,3.030353,207.87404
399,1.3855419,75.0179
400,2.0745082,104.07909
401,3.8965626,245.1832
402,2.7890205,205.8545
403,3.7591755,240.00903
404,1.7587473,77.28084
405,1.6824102,99.37601
406,3.1249263,204.59789
407,2.5212708,134.24298
408,1.5270504,81.292755
409,2.460767,138.04431
410,3.4959135,225.20935
411,2.5239766,203.13458
412,1.9903386,121.948074
413,3.6491551,221.5711
414,2.3609252,150.08151
415,2.3575132,178.69827
416,1.938859,137.11823
417,3.804491,236.36722
418,2.29112,132.20602
419,3.1380644,192.07248
420,2.0025144,90.02583
421,2.4907327,138.21925
422,2.2818105,125.91261
423,2.5243807,155.54922
424,1.9279201,114.1331
425,1.7736491,123.52963
426,2.8275146,204.54718
427,1.832026,71.883804
428,1.9053271,90.71725
429,2.976583,203.26059
430,2.9163713,196.44032
431,2.7101035,170.69473
432,1.6616762,77.01629
433,2.8884034,171.4006
434,3.1129467,190.1879
435,3.5450356,227.76558
436,2.5499418,179.02538
437,1.4803894,82.87895
438,1.5719914,82.54682
439,2.9911127,176.28476
440,3.7959049,244.261
441,3.1746533,224.43681
442,1.9588405,91.389084
443,3.085092,223.63028
444,3.435377,227.23413
445,1.8738587,175.36403
446,3.5865843,221.09837
447,1.7913747,83.04384
448,2.250153,131.7579
449,3.0513656,229.24603
450,1.9847165,148.83194
451,2.5950634,138.19263
452,2.5283685,159.62201
453,2.3700237,169.15146
454,4.1280684,247.62451
455,2.297604,206.48322
456,1.6657708,82.71362
457,2.4802585,132.35403
458,2.6256664,183.901
459,2.5469368,171.8683
460,2.541536,152.86551
461,1.7213013,109.059326
462,2.4564006,137.39142
463,1.7354774,115.18005
464,1.8796115,104.1936
465,2.1235006,156.23645
466,3.7072988,235.82808
467,2.17918,145.69644
468,2.6949828,175.4072
469,2.4372354,165.20963
470,2.0513024,115.22895
471,2.6164975,171.5221
472,3.6309881,221.92772
473,2.5656266,134.42615
474,3.1626887,183.93427
475,2.5135574,174.4011
476,1.8915055,92.076675
477,3.1778605,219.5269
478,2.6879363,155.48131
479,2.5881748,200.94786
480,3.025791,208.29964
481,1.7002479,79.055405
482,2.683336,152.76709
483,1.6446564,82.81207
484,2.3468115,132.06653
485,3.3065114,214.02086
486,3.1075606,230.56563
487,2.876144,200.2761
488,2.457725,132.26369
489,2.371438,143.56662
490,3.1454213,232.5579
491,3.4399843,247.89864
492,3.1828818,208.71281
493,1.6497746,106.85285
494,4.022762,246.12218
495,2.7505624,204.8333
496,3.2754388,220.35101
497,2.4498477,161.13986
498,2.2562187,158.2254
499,2.3126223,190.66736
500,3.042022,216.37563
501,2.3040211,139.91705
502,2.1203704,110.8864
503,2.7955034,203.05872
504,2.115045,164.01207
505,1.9459817,103.26473
506,2.161405,119.036095
507,2.0095012,99.24681
508,2.0650837,128.38174
509,2.3752186,155.21234
510,1.9368583,128.19263
511,1.4994247,91.344376
512,2.4233181,135.42233
513,5.118876,253.79712
514,2.944828,214.41988
515,2.5749366,158.88348
516,2.6544626,222.82942
517,2.6417117,165.30101
518,2.2401137,117.26149
519,2.3923476,149.8674
520,3.4102652,217.43347
521,2.794805,141.39111
522,2.666245,145.94025
523,3.0453792,212.90172
524,1.7886251,97.73863
525,3.1459694,195.88997
526,2.4721496,170.36435
527,3.1638618,230.96709
528,3.0926924,206.63095
529,3.0018008,190.10205
530,2.2605643,127.57422
531,2.8967597,205.63254
532,2.520952,199.25859
533,2.8366284,202.89189
534,1.9751928,99.871735
535,1.3757526,86.83643
536,2.1715884,143.0569
537,2.3025186,131.57051
538,1.1341312,73.91686
539,2.0992222,120.91545
540,2.5667343,176.67474
541,1.8086984,113.11865
542,2.2628598,178.50693
543,1.3964822,77.46263
544,1.9744234,134.61838
545,2.3114638,163.69064
546,3.425408,223.88948
547,2.3816857,173.78143
548,2.737658,182.0394
549,2.304772,162.05725
550,1.2611369,81.39583
551,2.6594222,142.43242
552,4.4421377,252.49629
553,1.4217126,102.4126
554,2.2628548,117.65645
555,2.31739,156.24875
556,2.117449,111.866264
557,2.0056138,106.68033
558,2.6150641,185.28873
559,2.371614,122.09822
560,3.0421968,204.95265
561,1.8129967,134.48283
562,2.6462786,207.67378
563,2.4915986,157.90463
564,2.5473495,138.47763
565,2.3634884,153.99908
566,3.0410645,209.1205
567,1.3472655,83.43872
568,1.611895,97.134384
569,2.7071977,185.91566
570,1.6246192,88.03355
571,3.4628625,242.41953
572,2.9413264,166.98358
573,3.314539,236.44586
574,1.9388083,116.84735
575,3.9978878,236.12392
576,2.230961,143.64412
577,2.6161814,154.75815
578,2.443615,135.9119
579,1.9907029,106.405594
580,2.6626387,192.0289
581,2.183872,125.16585
582,2.3507423,161.2821
583,2.050376,117.64367
584,2.1527019,100.2466
585,4.87284,253.70734
586,1.6410301,99.38337
587,2.1281605,116.27532
588,1.7537808,112.15369
589,2.9841685,215.5787
590,4.886651,252.66135
591,1.8539137,110.84152
592,2.8329043,208.06517
593,1.7748361,96.26349
594,2.4588802,149.84503
595,2.0439146,134.96837
596,3.1534455,220.00966
597,2.4170094,158.17249
598,1.9042894,98.95381
599,2.3701081,124.29884
600,2.1666217,98.64476
601,2.2889512,136.9556
602,2.2459602,142.14388
603,2.7914464,209.19104
604,3.2781816,221.82144
605,2.2397513,133.83517
606,2.4783518,170.67427
607,3.0585063,181.14697
608,2.109338,108.62993
609,2.023693,110.73706
610,2.3906918,146.89252
611,2.8510435,152.45949
612,2.8576381,186.23297
613,1.5450585,90.02652
614,2.9902205,197.00204
615,2.4094403,155.11073
616,1.9928749,98.36838
617,2.9995146,213.73282
618,1.8511537,98.2087
619,4.075428,240.93393
620,2.370359,130.74518
621,4.430429,249.2847
622,2.0512161,126.25942
623,2.9867284,201.8804
624,3.0377765,213.11647
625,2.2660747,139.85284
626,2.4811156,161.93915
627,1.7624837,113.49135
628,2.2300382,169.08081
629,2.6128197,182.11868
630,2.1058307,152.93054
631,1.6677172,82.02713
632,4.50433,251.7841
633,2.2828279,168.55417
634,2.5899777,156.26724
635,1.8490024,117.29083
636,2.5027912,149.1807
637,3.4694686,228.03993
638,2.6861851,190.44086
639,2.252226,137.88174
640,3.1601434,223.74673
641,2.5332952,140.62476
642,2.2489638,107.476654
643,2.2597957,156.93901
644,1.8343816,138.5885
645,2.5576043,132.6702
646,2.5624068,197.71272
647,2.1774983,122.072784
648,2.7818418,182.44858
649,2.5651953,122.767166
650,1.8509781,106.37866
651,1.9995407,132.04932
652,2.2368536,123.89926
653,2.1964953,134.77623
654,1.5173362,78.65985
655,2.2858846,151.55978
656,1.7860653,91.43427
657,1.5901102,84.17307
658,2.0518012,94.0987
659,2.715933,202.5346
660,2.5733593,157.74019
661,2.8705392,194.47064
662,3.162025,196.57191
663,1.8178457,92.42226
664,2.9655802,160.11383
665,2.1392589,88.549995
666,2.7133727,145.42583
667,1.896513,133.97183
668,2.2165813,120.76879
669,1.6185143,91.1529
670,1.7897024,132.03772
671,1.8934304,131.30183
672,3.4252093,240.502
673,2.0851703,130.00043
674,1.701255,83.230545
675,2.5193036,146.71075
676,2.5361574,176.20038
677,4.056643,247.72997
678,2.805228,184.26727
679,1.6462009,98.76917
680,2.0599253,130.37305
681,2.8028154,156.44836
682,2.0982988,128.6457
683,2.0044343,139.79913
684,1.771365,91.30315
685,2.7803192,204.42564
686,2.3856394,164.04912
687,1.7562736,91.87084
688,1.6465952,92.759094
689,2.9481912,226.75917
690,1.8583424,101.31654
691,1.3361493,85.13556
692,2.2340922,148.40814
693,3.4276013,231.93083
694,2.2448049,161.88661
695,2.5379832,159.06645
696,2.3519912,154.75665
697,1.5434194,90.2801
698,3.306625,201.4663
699,3.249678,211.02242
700,2.2679143,125.72862
701,1.9195006,113.286896
702,1.9686934,106.090836
703,2.6063583,192.67621
704,3.3419008,230.84547
705,1.471297,77.09871
706,2.214089,113.59265
707,2.8212373,186.65729
708,1.77428,90.5278
709,1.4762021,77.02037
710,2.7610312,201.89905
711,2.6184905,196.8786
712,1.5679052,77.28075
713,1.8210266,140.82846
714,2.945418,206.80602
715,2.573149,183.89438
716,2.504976,168.72533
717,1.4032257,88.49787
718,1.3993422,80.83472
719,2.647286,216.20947
720,2.5700936,154.2539
721,2.769615,195.63512
722,2.8899846,176.28818
723,2.0619073,139.18115
724,2.2594047,111.90492
725,2.3645127,136.57837
726,3.5782943,225.71347
727,3.0436492,209.37213
728,3.5764565,238.4893
729,4.3656487,247.47676
730,2.2865043,141.7714
731,3.9898155,242.516
732,3.1463387,202.19604
733,1.8976281,95.860245
734,2.2463374,98.6207
735,1.8907238,117.4469
736,2.5101917,154.34544
737,2.3123097,140.58806
738,2.2914827,142.56136
739,2.7133021,138.75983
740,2.9808364,156.78598
741,3.3305266,236.57803
742,2.641047,156.1254
743,1.6215078,82.83374
744,1.9663929,128.29532
745,2.913433,206.17737
746,2.0229964,138.0853
747,1.8684722,114.49074
748,3.0046654,211.91978
749,2.6781466,189.91743
750,2.175032,139.97372
751,1.5976512,107.36676
752,2.1391585,128.2681
753,2.6538672,163.92789
754,2.3986058,155.33842
755,2.1553674,92.163826
756,2.1257777,85.81753
757,2.7917955,171.74449
758,2.1861444,155.54703
759,2.8851552,196.30656
760,2.0419054,105.174576
761,3.0512767,220.94609
762,2.0728893,127.10754
763,2.0856867,92.414154
764,1.8089641,81.02133
765,1.9072745,115.476166
766,2.5324152,183.69458
767,3.246843,234.17738
768,2.4596725,187.61513
769,2.612665,135.62192
770,3.5077748,239.59584
771,2.2904105,111.02071
772,1.997194,137.41074
773,1.6568732,108.516914
774,2.71476,132.72433
775,1.8064997,94.999855
776,1.5973129,86.03253
777,2.5038488,165.51053
778,2.4155655,117.37378
779,3.184253,199.72662
780,3.8604164,234.9201
781,2.023947,110.47228
782,3.0262845,203.96454
783,2.7499976,193.1886
784,2.0663497,97.96872
785,2.2416043,152.50818
786,1.4585793,74.744644
787,2.4431229,142.82602
788,2.7858872,175.98207
789,3.1397269,202.87486
790,1.9729068,94.5974
791,2.1761987,109.12718
792,2.5470138,192.51613
793,2.8668876,196.34938
794,2.272972,151.19064
795,2.618463,174.87128
796,2.7680917,214.96214
797,2.1832137,89.432556
798,2.435772,178.65106
799,2.0794594,123.81337
800,2.805442,173.80319
801,1.7837688,117.8406
802,2.478915,137.85489
803,4.185688,251.38234
804,3.4570634,213.12096
805,1.9294118,132.88321
806,2.389813,91.88638
807,3.086967,234.18492
808,1.4716411,79.551
809,1.8314153,117.25035
810,2.561027,181.42151
811,2.4003117,120.85918
812,1.4904617,93.0599
813,3.1470509,230.98293
814,2.272323,141.6052
815,1.8790652,109.429016
816,1.5425279,89.325554
817,2.0432694,144.10513
818,2.3166375,126.13324
819,3.7902222,242.7265
820,1.9425538,116.195244
821,2.4548619,115.27599
822,1.3316994,93.43316
823,1.5060478,83.64963
824,2.375908,144.26251
825,3.8105087,234.27477
826,3.071033,181.92535
827,1.967243,88.77342
828,1.9556067,83.03286
829,2.065185,95.22414
830,2.005455,104.53116
831,2.9862027,193.29988
832,1.9810048,126.89099
833,1.1052233,72.768486
834,3.976715,250.54439
835,2.2361944,116.579956
836,1.7139113,88.01052
837,2.447274,131.5841
838,2.5670893,146.6879
839,2.3794532,127.28099
840,1.9490178,106.680214
841,1.7471502,98.13655
842,2.1728544,114.050026
843,3.45565,229.10744
844,2.8669257,163.4866
845,2.943336,214.53902
846,2.777891,185.01135
847,3.178862,226.09999
848,2.8292031,205.44823
849,3.5306516,226.06499
850,2.4483256,195.40857
851,2.2581582,149.98564
852,2.9179177,194.61252
853,3.074625,232.96304
854,2.3085644,121.98772
855,1.8878114,148.06165
856,1.9514585,74.69001
857,1.8005297,89.28104
858,1.7045712,104.24109
859,2.9360251,161.60457
860,2.8254638,165.73357
861,2.1455505,110.983795
862,1.7521573,88.72458
863,2.7449052,196.24619
864,2.365416,139.27512
865,2.130072,127.06552
866,2.7794492,183.92139
867,2.615966,186.22931
868,3.4225059,227.75243
869,1.367498,82.78811
870,2.0137482,123.71109
871,2.787054,197.95874
872,3.0558925,203.47809
873,2.2649407,140.20697
874,2.3732467,179.51698
875,1.4623636,81.58847
876,3.0398054,203.74426
877,2.1942317,116.84744
878,1.5805097,103.26442
879,2.3785977,141.0857
880,2.150786,130.84087
881,2.4660947,146.25134
882,4.0355062,248.569
883,2.366077,181.43918
884,2.2692285,129.22064
885,2.9508672,159.27686
886,2.5772386,180.57458
887,2.6454577,139.60638
888,2.9531622,227.12575
889,2.505772,139.305
890,2.0748901,107.609856
891,3.8402984,237.1393
892,2.5413885,161.1995
893,2.0042896,96.1776
894,2.1581128,115.82222
895,2.480808,152.522
896,2.6184964,189.07285
897,4.0067606,251.26767
898,2.9398131,224.74854
899,2.9824986,205.0751
900,2.1980348,88.614685
901,1.939034,115.9643
902,1.6233189,104.89339
903,1.9872072,91.45505
904,2.805756,196.31194
905,2.2876592,127.46684
906,1.9901683,96.68857
907,2.989379,210.27995
908,2.4371648,173.12056
909,2.282378,135.98737
910,2.9792235,220.66246
911,1.563983,75.38901
912,2.8707557,186.94156
913,3.7502503,245.39919
914,2.2136562,143.30817
915,2.1788394,121.29054
916,2.9696357,187.14786
917,2.5522423,176.34174
918,2.2481925,130.33633
919,3.0245361,197.0888
920,1.8753722,82.91182
921,2.30588,128.05826
922,1.9048986,94.088554
923,1.9343771,138.111
924,2.2335975,131.71475
925,2.5569947,174.96935
926,2.8989115,155.72867
927,2.3805811,126.14679
928,2.4176762,185.92758
929,2.488678,149.20348
930,3.575972,217.86899
931,1.9189663,106.20137
932,1.7239717,108.39534
933,1.8673663,153.66193
934,2.5102897,147.57065
935,1.957546,113.238335
936,5.0200663,253.92201
937,2.6523414,162.55975
938,3.1590202,196.79985
939,3.5417228,208.79747
940,2.6013484,168.15245
941,2.0224056,81.4236
942,2.5040796,134.00421
943,2.7158437,184.05301
944,1.9644747,109.97038
945,1.5980408,83.527534
946,2.7164931,195.13858
947,3.1023135,200.7692
948,2.3914378,158.37482
949,3.131682,230.31792
950,2.6923683,211.91522
951,1.6757176,86.771576
952,3.0918758,209.20642
953,2.4042344,181.55632
954,3.2498546,229.13689
955,2.9264562,184.7869
956,2.91083,207.14886
957,2.792625,205.13324
958,1.6792234,88.423225
959,2.7324607,192.2259
960,1.9889916,160.00487
961,3.175714,199.1445
962,1.9154437,114.08373
963,2.257291,159.02136
964,1.6919588,97.14907
965,2.5436313,153.34192
966,2.263216,161.59506
967,2.4148772,161.98935
968,2.4346998,147.37503
969,1.7730634,123.89787
970,2.9232597,186.0226
971,3.127081,214.14761
972,1.9100183,123.91231
973,2.307675,118.75011
974,2.596181,187.08089
975,2.3006244,127.66304
976,2.654107,207.11731
977,3.4829226,242.98105
978,2.6146722,211.58946
979,2.1459162,103.88617
980,1.8284796,98.07497
981,2.2371707,118.50383
982,2.3516188,138.84758
983,2.4621189,126.26424
984,3.6684127,225.26283
985,1.6505245,86.686035
986,1.882634,89.17714
987,2.0944223,102.40955
988,2.76975,172.55972
989,2.4744813,127.97266
990,2.049615,143.8682
991,1.8994097,114.42468
992,2.862999,217.01549
993,2.0550356,131.587
994,3.3939905,203.25955
995,2.1304762,97.631744
996,1.5392144,80.53298
997,3.9507,230.311
998,4.040082,253.42453
999,1.9846767,105.20246
1000,2.5769148,185.31543
1001,2.4355729,131.6272
1002,2.4271803,192.63338
1003,2.391874,142.07495
1004,1.5445163,89.70549
1005,2.6370437,134.19873
1006,2.0865452,153.5446
1007,1.9738786,117.17303
1008,2.147454,131.79565
1009,1.6373681,78.3002
1010,2.1531024,118.69389
1011,1.9888638,100.38561
1012,1.6857299,91.39429
1013,2.4498572,130.81061
1014,2.5219867,148.7282
1015,1.813339,97.99493
1016,3.4555058,226.78917
1017,2.0342424,153.6919
1018,1.9336594,137.61792
1019,1.658741,82.28873
1020,3.9419034,247.87833
1021,3.4544501,236.62227
1022,4.533086,251.9707
1023,2.5016522,160.21861
1024,2.8889453,162.42459
1025,2.3253868,138.28085
1026,2.1859145,100.474
1027,3.124608,185.48184
1028,2.6586452,173.49847
1029,3.309257,200.27611
1030,3.9220643,234.77061
1031,1.7633376,100.61958
1032,1.921729,126.14743
1033,2.441113,154.8572
1034,2.103071,119.02067
1035,3.2794836,224.36511
1036,3.0774326,233.33112
1037,2.0282075,102.856064
1038,2.3763118,122.02609
1039,2.546346,193.62914
1040,3.148374,225.2271
1041,3.110881,231.18541
1042,4.1800337,249.04265
1043,2.635013,156.12312
1044,2.3391306,170.97571
1045,2.2496617,157.08775
1046,1.7123579,89.305466
1047,1.83362,85.6213
1048,2.049086,108.17091
1049,1.9956934,132.95337
1050,2.1570232,157.6453
1051,1.7375133,88.78475
1052,3.092236,212.95378
1053,3.5245826,226.96062
1054,2.1996484,147.16614
1055,2.580779,192.19806
1056,2.10253,138.84235
1057,3.463222,232.4895
1058,2.9662457,156.86203
1059,3.0609665,193.01964
1060,2.8656113,215.37276
1061,2.1482444,119.69197
1062,1.6771672,93.450485
1063,2.7474556,201.59233
1064,1.6545944,109.265724
1065,1.9906328,94.684006
1066,1.7002566,94.50979
1067,3.344563,232.79724
1068,3.1747077,212.15526
1069,1.4514925,82.57727
1070,3.786269,242.04678
1071,2.3363671,164.80008
1072,2.5589523,200.9131
1073,3.607543,237.2592
1074,3.0899177,208.51376
1075,2.8157775,184.00797
1076,3.6229336,241.28331
1077,4.390704,250.35506
1078,3.2596679,216.28177
1079,3.1511278,209.37218
1080,2.3937855,122.204834
1081,2.8694158,187.60114
1082,4.3542614,250.23341
1083,4.0775256,247.29214
1084,2.1469893,127.242386
1085,2.4204607,193.81981
1086,3.592582,243.67934
1087,2.9815907,209.86856
1088,2.258745,105.95236
1089,2.2472675,137.63782
1090,3.3554282,224.84972
1091,4.1630273,245.76476
1092,1.9259934,122.31497
1093,2.5236228,132.52116
1094,1.6566159,95.79918
1095,2.063392,120.83419
1096,2.1161926,98.08109
1097,2.2420049,138.98166
1098,3.139623,191.37234
1099,1.6850588,84.54017
1100,2.7971685,203.87373
1101,2.7513516,173.68118
1102,2.9430177,205.29037
1103,3.167708,223.83061
1104,3.3170135,211.92087
1105,2.696985,202.3233
1106,2.4225101,190.76477
1107,2.4707308,148.37329
1108,2.6363611,170.63245
1109,1.9854879,105.08653
1110,2.2143612,126.47807
1111,1.7826879,118.64222
1112,3.406919,224.96912
1113,2.0409555,129.74466
1114,3.3180938,214.52089
1115,3.4563963,224.89026
1116,3.040009,212.84618
1117,2.0889637,138.04854
1118,2.938265,200.86128
1119,3.622305,223.62343
1120,2.7077775,188.29013
1121,2.4628775,109.91405
1122,2.0726194,108.758286
1123,2.322509,169.58673
1124,2.0457897,84.67079
1125,1.9652531,130.81302
1126,2.1136682,122.14962
1127,2.570402,155.32451
1128,1.9660354,120.10794
1129,1.9230696,130.10654
1130,2.1094334,143.39215
1131,2.9824376,206.12007
1132,2.4340553,158.4212
1133,1.8441002,120.357155
1134,2.6124725,174.77136
1135,2.1953492,116.96122
1136,2.3911884,133.33603
1137,1.9951017,100.308914
1138,2.5071802,139.21649
1139,2.810875,151.02469
1140,3.1754916,214.99052
1141,2.3050299,189.21014
1142,1.9538125,103.24948
1143,3.037516,194.1655
1144,2.9047904,218.57217
1145,2.521353,148.6968
1146,1.8347433,85.33762
1147,2.4234219,129.76001
1148,2.4100022,127.060394
1149,2.1256378,139.34537
1150,1.706794,113.09488
1151,2.5648794,157.96875
1152,3.112473,208.60277
1153,2.85899,203.11157
1154,2.8904922,218.00542
1155,1.8435537,88.386894
1156,1.3875258,75.875786
1157,2.3443685,143.36719
1158,2.4280407,150.716
1159,1.5491427,86.255104
1160,1.9911631,119.237274
1161,2.531458,168.23828
1162,1.7730585,83.86463
1163,2.2098212,144.89989
1164,2.2943692,148.27121
1165,2.8023903,152.40088
1166,1.8911778,106.66676
1167,2.3232121,140.98492
1168,2.7840605,151.01657
1169,1.8764484,92.427475
1170,2.662952,144.90944
1171,2.2873516,173.52954
1172,1.6082767,79.21121
1173,3.247745,225.57478
1174,2.5912375,158.4082
1175,2.712961,222.33762
1176,1.9793265,135.28935
1177,2.6491716,167.84967
1178,2.483538,176.81161
1179,3.061383,162.4231
1180,2.8622675,135.97469
1181,2.7603025,187.4978
1182,3.285066,227.62361
1183,2.7883172,147.42172
1184,2.4324026,126.05165
1185,1.568087,81.58675
1186,2.5671287,190.74832
1187,3.2761273,211.91783
1188,3.6770287,243.17592
1189,2.3762212,130.12473
1190,1.6599019,94.02934
1191,2.1019979,138.2294
1192,2.8618653,198.28464
1193,2.006053,132.72849
1194,1.7155228,96.91107
1195,2.947345,196.57396
1196,1.6146959,81.617386
1197,2.946086,209.18883
1198,4.1051836,242.7871
1199,2.3712647,96.96225
1200,2.2168882,165.41374
1201,3.0384793,213.90889
1202,2.2341123,163.03069
1203,2.2076979,147.62222
1204,2.5968595,191.09773
1205,1.7568042,77.728485
1206,2.8048143,133.93616
1207,3.1197069,208.58125
1208,2.7474394,173.27681
1209,1.790314,99.02716
1210,1.6987206,95.322266
1211,2.276144,106.04285
1212,1.6189291,95.83917
1213,1.5776951,84.925354
1214,1.6882102,109.04364
1215,2.6078975,158.80391
1216,1.8424481,89.004105
1217,2.5656307,133.81607
1218,1.7662317,108.02548
1219,2.7269201,184.57544
1220,1.6474245,93.651855
1221,2.584216,182.74918
1222,2.23047,114.60443
1223,3.152922,209.00471
1224,2.3005497,155.13138
1225,2.3760998,167.86646
1226,3.2910142,224.31007
1227,2.9771137,207.62332
1228,1.3088316,79.20016
1229,2.3330245,147.75343
1230,1.5617918,86.49471
1231,1.6562147,90.73299
1232,2.245465,128.61557
1233,2.8761294,207.41292
1234,2.564157,139.15858
1235,2.5719628,202.75383
1236,3.0428598,197.63834
1237,2.8573976,205.16908
1238,2.6669545,138.02107
1239,2.7490282,167.28467
1240,2.521744,127.52309
1241,2.3756921,123.28353
1242,2.3636076,142.70801
1243,3.954443,246.96805
1244,3.2358422,193.51775
1245,3.1180997,220.46584
1246,1.8700315,136.61786
1247,2.5721402,160.17476
1248,2.307063,119.29066
1249,3.4014497,233.47096
1250,2.49981,209.3881
1251,2.6509676,210.64156
1252,3.3720174,225.3253
1253,2.2375107,157.94919
1254,2.1352127,145.42049
1255,2.3907635,142.24597
1256,2.005915,127.4576
1257,2.1714382,106.64909
1258,2.0803335,118.08051
1259,2.3217916,166.62642
1260,2.773541,180.32602
1261,2.3871398,163.03976
1262,2.4765472,168.83994
1263,2.432204,140.79898
1264,3.000453,212.76599
1265,3.4987977,220.87407
1266,1.268164,73.899574
1267,2.5957656,174.8494
1268,3.0128431,233.11414
1269,3.1981857,240.23335
1270,1.9832884,142.29349
1271,2.0779696,174.65848
1272,1.2574561,82.80387
1273,2.1007042,136.7492
1274,3.109717,221.34927
1275,2.2773013,154.49454
1276,1.7097083,86.60688
1277,2.2675986,155.92139
1278,2.81183,181.55223
1279,3.2201886,233.04167
1280,2.4352894,135.78102
1281,1.4445813,80.579315
1282,2.1171365,110.73334
1283,2.2875333,165.96014
1284,1.5056088,89.68005
1285,2.4348795,175.96895
1286,2.5841155,153.44618
1287,3.3795886,221.3159
1288,1.3977233,77.1394
1289,2.420764,110.96467
1290,4.119705,248.79152
1291,2.7390113,176.15234
1292,2.040578,112.337234
1293,2.0716102,101.63939
1294,1.0917385,73.75119
1295,1.5325005,85.81202
1296,2.967923,217.08664
1297,2.0965776,101.5029
1298,2.580402,166.31082
1299,3.228385,201.27827
1300,4.2708545,244.7547
1301,2.8897953,214.5191
1302,1.8202491,134.36588
1303,3.5880024,243.0375
1304,2.533842,115.88245
1305,3.8069134,246.1646
1306,3.2039533,206.52908
1307,2.9770024,187.38464
1308,1.8663441,137.10944
1309,2.6122644,170.86835
1310,2.1404722,96.865295
1311,2.0154305,84.69031
1312,3.7477367,237.0557
1313,2.7066526,185.4624
1314,2.6019444,147.24963
1315,1.891838,84.389046
1316,2.2847965,168.43286
1317,1.6269014,99.48163
1318,2.8461266,213.88693
1319,4.332074,252.04846
1320,2.4194684,153.6423
1321,3.2022738,237.99406
1322,2.822039,167.8851
1323,2.1536636,113.540146
1324,4.0210404,244.39136
1325,2.536655,151.3108
1326,3.1646752,218.20676
1327,2.0315056,102.960884
1328,2.602569,146.32796
1329,2.348606,124.90416
1330,2.0783734,136.04886
1331,2.3773608,153.31729
1332,2.2545764,122.72471
1333,2.2127395,175.99382
1334,4.8807044,253.81589
1335,2.0956013,117.34048
1336,1.5256842,87.31987
1337,1.6764505,130.47678
1338,2.8636944,191.30914
1339,3.255037,216.3658
1340,2.7142968,210.67354
1341,1.8316734,124.82053
1342,2.0149045,119.57077
1343,2.6379495,190.51968
1344,2.6747074,185.58034
1345,3.413365,228.63838
1346,2.7125537,160.77637
1347,2.7938747,155.877
1348,3.0481112,186.05505
1349,2.3530347,173.12308
1350,1.8999546,99.09221
1351,2.2671106,144.79483
1352,2.8669481,175.93752
1353,3.5181098,221.6703
1354,2.5820673,155.9914
1355,3.2699096,235.01543
1356,3.3549724,222.04387
1357,1.4671671,99.9915
1358,2.6945283,195.2866
1359,2.8239617,192.37128
1360,2.4765737,168.63934
1361,1.8849404,113.1598
1362,2.1572864,151.81625
1363,2.0903454,91.095505
1364,2.0570974,134.48683
1365,2.077521,115.82733
1366,3.2905006,212.63266
1367,2.8748107,223.0378
1368,2.1397967,136.47769
1369,3.9122968,249.57483
1370,1.5643529,89.31659
1371,4.3603506,252.3678
1372,2.195372,189.33488
1373,2.2635608,108.759094
1374,2.809051,200.6083
1375,3.1081126,184.44469
1376,2.7770505,151.02005
1377,2.7481856,163.89366
1378,2.5416782,121.94298
1379,1.5465717,108.545364
1380,2.7676291,167.679
1381,3.0016515,178.28987
1382,3.5328612,226.14966
1383,1.8275512,79.5928
1384,2.7384298,167.66357
1385,3.0111985,160.55713
1386,2.3982792,164.56952
1387,2.0443692,103.26985
1388,1.763586,93.185875
1389,1.282141,72.6199
1390,2.795195,201.04787
1391,2.7049668,177.4745
1392,1.6220541,99.350266
1393,2.6138968,161.83786
1394,1.4026568,81.46251
1395,2.9799385,188.33566
1396,1.5068166,82.98799
1397,3.519011,215.83597
1398,2.9486158,176.00256
1399,2.9159522,201.0347
1400,1.557918,77.639626
1401,1.4520166,88.70798
1402,1.7853274,104.285645
1403,1.8729568,99.78172
1404,2.4088628,161.69818
1405,2.2649314,173.33669
1406,1.8940437,117.15123
1407,2.3525856,154.79684
1408,2.3635535,164.90443
1409,3.6433957,246.43056
1410,2.0158658,122.08674
1411,2.21532,128.8509
1412,2.0240996,111.03665
1413,1.8189956,88.72949
1414,3.482373,194.80434
1415,2.9116714,204.1463
1416,3.4185634,242.71945
1417,1.0075614,75.01312
1418,2.6161509,168.64304
1419,1.7787074,86.48533
1420,1.3520983,88.61985
1421,2.768733,199.80763
1422,2.596802,180.24722
1423,2.3773127,185.08673
1424,3.4670606,229.78271
1425,1.7473972,100.207
1426,2.763369,175.35147
1427,2.9053228,166.21884
1428,1.8041546,105.875465
1429,2.4322343,153.37791
1430,3.2808797,209.03648
1431,1.9038696,82.16708
1432,2.4397414,131.50504
1433,2.9167027,201.24567
1434,1.8871539,100.24919
1435,3.0540798,228.08818
1436,3.2491784,218.52638
1437,1.8782218,138.27776
1438,2.3209321,99.563126
1439,1.7203747,117.33031
1440,1.6818947,92.61073
1441,2.9363832,194.44385
1442,2.836986,162.87747
1443,1.8983848,107.654976
1444,3.113826,201.36322
1445,3.5048945,212.51035
1446,2.700029,164.73163
1447,2.7763236,212.49202
1448,1.9579232,93.11815
1449,2.4279482,123.93535
1450,2.830401,173.00493
1451,1.998363,117.57733
1452,1.7468851,86.773254
1453,2.1545978,118.043365
1454,2.7067895,174.7739
1455,2.8251317,203.86583
1456,1.9891151,107.844025
1457,3.1928787,166.73035
1458,1.3846196,83.130646
1459,1.9047928,120.181564
1460,2.6386619,152.83777
1461,2.6948094,158.41504
1462,4.117052,249.6173
1463,1.9513599,88.41323
1464,2.789867,136.50894
1465,2.8557346,187.94208
1466,1.9369755,97.053055
1467,2.3886325,173.07803
1468,2.588726,185.11334
1469,3.913314,244.28268
1470,2.4263055,150.17966
1471,1.8903196,102.577255
1472,1.830038,94.76094
1473,2.2706037,122.3385
1474,1.8766845,90.37636
1475,1.9931889,122.24687
1476,1.7134056,77.73215
1477,1.9616578,95.30637
1478,1.7205124,107.004486
1479,3.2284064,224.29343
1480,2.4556105,141.75095
1481,2.42054,135.08643
1482,1.8230002,99.34317
1483,2.0836763,99.28209
1484,3.7557588,238.84314
1485,1.5219902,92.647575
1486,2.2370539,159.0179
1487,2.0602443,105.43686
1488,2.5822225,166.3089
1489,2.2119594,127.85823
1490,2.429553,194.62686
1491,2.1774056,154.91592
1492,3.217359,234.98744
1493,2.9692357,193.15735
1494,1.940892,119.54903
1495,2.3827834,133.2682
1496,2.5116088,137.54869
1497,1.6987091,77.92484
1498,2.6019342,134.92747
1499,2.9207766,163.0661
1500,2.4662347,185.06842
1501,2.1534247,134.11038
1502,3.0132596,220.4887
1503,2.4449704,144.8849
1504,4.385125,249.74445
1505,2.1805208,145.00931
1506,2.182655,121.66434
1507,2.4089127,199.58418
1508,1.8550885,113.79961
1509,3.7207859,240.78969
1510,5.0494165,254.27296
1511,2.067418,88.80784
1512,2.0191412,120.05113
1513,1.8317058,98.2665
1514,1.6726005,81.19062
1515,2.6540859,191.78725
1516,3.303882,239.13911
1517,2.504243,147.48866
1518,3.0617871,212.6073
1519,4.0401316,247.08107
1520,2.1822069,109.73317
1521,4.535363,253.0123
1522,2.095878,141.37631
1523,2.1324897,132.88593
1524,2.2753391,134.63503
1525,2.8141618,189.67206
1526,1.6423411,108.82582
1527,3.2924857,199.36905
1528,3.609896,234.40694
1529,2.300943,163.09393
1530,1.5096853,78.334366
1531,2.8094516,209.28229
1532,3.3490305,235.25302
1533,2.2614937,122.50934
1534,2.580315,199.47841
1535,2.5174425,187.60904
1536,3.5654693,234.3981
1537,2.6638036,140.33763
1538,2.313643,110.71161
1539,2.509375,147.16443
1540,2.8593276,173.86853
1541,2.9305496,183.55292
1542,2.9914298,196.10127
1543,1.6151259,79.12231
1544,2.9412663,214.1275
1545,2.4606643,162.25461
1546,2.1705139,126.77253
1547,2.722643,180.60635
1548,2.3122175,139.58398
1549,2.7647119,191.8175
1550,2.1791122,127.024826
1551,2.1830802,139.23459
1552,1.899876,109.74585
1553,2.8116107,213.61877
1554,1.5182523,93.01105
1555,1.8136693,107.032715
1556,2.0389323,101.41931
1557,3.2364304,209.32051
1558,3.5112147,233.80956
1559,3.155858,205.90863
1560,1.8791977,80.35213
1561,2.1217892,106.00429
1562,1.9212565,92.896515
1563,2.9638643,172.78201
1564,1.700855,115.40997
1565,2.0635414,129.46434
1566,2.0856075,92.905624
1567,2.407489,158.63252
1568,2.7364542,170.00565
1569,3.071194,199.74516
1570,2.4150352,165.99895
1571,1.5982975,84.05446
1572,3.0121865,182.15582
1573,1.7047365,99.60105
1574,3.3319688,234.39047
1575,2.4312012,155.9512
1576,2.9888816,173.35071
1577,2.4027262,154.10017
1578,2.7768846,208.07626
1579,2.8507893,182.63365
1580,2.81887,168.23872
1581,2.5302806,174.18686
1582,2.4566104,207.82916
1583,2.2050822,127.89337
1584,2.6472895,177.66267
1585,2.9899795,219.35104
1586,3.642316,227.41188
1587,1.7967219,108.37761
1588,2.3034968,131.67685
1589,3.4024363,205.64917
1590,3.8931594,246.5336
1591,2.7202086,145.1051
1592,3.7043464,242.6337
1593,3.3718886,186.103
1594,2.4387555,173.60349
1595,2.1824658,126.41806
1596,3.3454156,229.90907
1597,2.6271071,156.63622
1598,1.8426325,99.98751
1599,3.7421715,247.64276
1600,2.057253,116.139114
1601,2.6536965,172.69077
1602,2.0517,117.99524
1603,2.8590863,177.43102
1604,2.7444773,182.05908
1605,2.21131,166.73622
1606,2.8973408,210.52988
1607,2.2665632,112.38352
1608,2.2731671,180.93262
1609,2.4825025,183.55588
1610,2.0520089,120.23509
1611,2.157445,109.79361
1612,1.9810174,102.193375
1613,1.8021381,104.99723
1614,2.9951181,185.78784
1615,3.1029987,219.05766
1616,2.692601,178.67703
1617,1.8396672,88.46143
1618,2.267029,161.68808
1619,4.7383585,250.16275
1620,3.3735862,241.15225
1621,1.8779833,99.09575
1622,2.5522046,105.98374
1623,5.30631,254.50394
1624,2.7503977,183.90475
1625,2.2290215,112.15337
1626,3.7119148,227.02106
1627,2.8581362,180.1196
1628,3.0958452,215.45723
1629,1.4852253,95.098495
1630,2.0664582,97.56418
1631,1.7576363,77.2362
1632,2.5640779,161.77869
1633,1.9503204,148.64584
1634,2.5020263,150.29439
1635,3.277505,207.0824
1636,2.8740792,196.93521
1637,2.4730678,206.88039
1638,3.1703565,199.41061
1639,2.668067,140.26147
1640,1.9027352,108.63323
1641,3.1166286,206.5824
1642,2.5371795,161.38849
1643,3.3509958,224.04399
1644,2.5389972,143.31113
1645,2.4317207,119.31377
1646,1.7549211,87.019905
1647,3.3793588,208.32532
1648,2.780457,179.94482
1649,2.1572843,147.99458
1650,2.9118848,149.36458
1651,2.4182677,161.79407
1652,2.2512307,144.0438
1653,2.8039331,199.27243
1654,2.6023965,166.20227
1655,2.4986768,154.81839
1656,2.5667195,165.86111
1657,3.1132593,182.99106
1658,2.7678933,158.00287
1659,2.7730227,128.78671
1660,2.017818,116.624115
1661,2.8674555,181.90538
1662,1.8930609,117.80411
1663,2.6463885,193.95721
1664,3.1466696,197.29634
1665,2.5255773,151.59448
1666,2.0847979,102.74414
1667,4.055246,246.14796
1668,2.420279,171.24094
1669,2.470676,142.72278
1670,2.2722847,156.23917
1671,2.5734646,146.20819
1672,2.1203232,170.44495
1673,1.7115314,152.47925
1674,2.4137075,142.75266
1675,1.9712782,81.102356
1676,2.0258093,92.71789
1677,2.3172266,159.93723
1678,3.8793862,241.55719
1679,1.7587204,104.999115
1680,2.78194,187.93185
1681,2.1960642,116.4477
1682,2.2801027,135.07642
1683,2.492502,168.11722
1684,4.519489,251.44725
1685,2.2424333,185.29791
1686,2.0446904,101.70038
1687,3.7648869,237.58907
1688,1.7499458,89.31723
1689,2.519092,128.70221
1690,3.0770211,210.82114
1691,3.0057557,203.85463
1692,2.3962207,160.94199
1693,2.7329354,177.39233
1694,1.558378,89.29377
1695,2.2865524,135.46115
1696,1.9949013,124.13802
1697,3.3819926,232.04027
1698,2.1674318,143.01837
1699,2.6201465,154.90488
1700,2.3155608,157.74986
1701,2.2057211,116.568146
1702,2.1879885,103.62445
1703,2.5416803,191.13272
1704,2.0331345,101.88968
1705,2.657263,167.04547
1706,3.0287187,205.91634
1707,1.9171089,133.97351
1708,1.9569556,101.20871
1709,2.6131115,176.20047
1710,2.4927669,172.96188
1711,2.0165954,78.72311
1712,2.6404567,141.18417
1713,2.6605587,179.27554
1714,2.4355464,164.81766
1715,2.6305487,122.22739
1716,1.4848123,109.495155
1717,2.5278528,141.74783
1718,2.1015549,116.541824
1719,2.104578,140.95215
1720,1.9035933,94.01881
1721,2.1611269,148.35303
1722,2.7962716,137.27402
1723,2.05502,138.97437
1724,3.0611103,195.16641
1725,1.7990403,101.156715
1726,2.2902083,141.32431
1727,2.7680297,218.12282
1728,3.303275,227.97475
1729,1.4148309,80.417145
1730,2.8535895,180.9878
1731,1.6363362,104.1877
1732,1.9652847,108.29362
1733,1.8978992,156.4401
1734,1.4832046,84.52414
1735,1.6418366,81.25925
1736,2.6983898,195.77618
1737,2.9086723,222.9226
1738,1.4823577,87.76716
1739,2.4482162,160.42534
1740,2.517335,174.46674
1741,2.8910625,185.09628
1742,2.8154185,150.25021
1743,2.287483,115.10591
1744,1.4285947,79.52583
1745,3.6915421,228.51418
1746,2.1355188,159.21281
1747,2.0152345,134.63394
1748,2.762966,177.82356
1749,2.9161875,219.81001
1750,3.1960142,218.60709
1751,1.8836709,105.61185
1752,1.9263967,118.36647
1753,2.131332,146.2402
1754,2.5437653,157.8883
1755,2.6324039,127.97156
1756,2.301805,183.37408
1757,1.9638612,92.765686
1758,2.4277222,187.4072
1759,2.6451895,160.60745
1760,2.1260872,111.80151
1761,2.3224764,135.24924
1762,3.0408392,194.68672
1763,1.5137154,98.56178
1764,2.3085797,142.64099
1765,3.3422077,204.44913
1766,2.5109096,158.6951
1767,2.6569197,152.33636
1768,5.2602243,254.63277
1769,1.5116487,89.59628
1770,3.8249817,239.11389
1771,3.2938006,201.28189
1772,3.1726758,197.54372
1773,2.4932854,162.79042
1774,2.92059,206.24962
1775,3.5765662,235.59335
1776,2.5668926,171.96648
1777,2.3051093,162.82904
1778,2.146712,105.59077
1779,2.1164927,116.85457
1780,2.010035,125.45452
1781,2.1964667,125.07856
1782,2.7974756,191.40433
1783,1.5171877,109.09416
1784,3.0335631,173.33377
1785,1.7624854,114.16571
1786,1.9251697,123.30837
1787,2.3892171,145.59937
1788,1.6835096,78.90376
1789,2.0711727,106.68164
1790,2.6937327,137.98138
1791,2.4019723,152.09634
1792,3.5974815,227.54759
1793,2.7087104,177.88635
1794,1.9082795,103.7206
1795,2.6743665,170.96997
1796,1.814819,89.33774
1797,1.7014115,83.16778
1798,1.8815691,104.0364
1799,3.175959,193.77043
1800,2.5500777,154.27832
1801,2.7311578,200.70094
1802,3.1889942,210.32524
1803,3.1598678,202.33722
1804,1.6000094,91.16795
1805,3.1713781,211.20955
1806,2.1352987,96.587166
1807,2.3702564,126.60248
1808,2.2017906,144.38492
1809,2.0376816,113.22531
1810,2.9009342,194.14938
1811,2.1958625,177.33838
1812,2.20151,120.32315
1813,3.0471022,229.12663
1814,2.138966,110.97603
1815,4.0273004,253.16536
1816,2.8238277,224.83202
1817,3.8407898,243.49292
1818,2.1423802,120.8646
1819,2.1221445,147.50061
1820,2.101292,103.38504
1821,3.3993087,215.68808
1822,3.5754542,231.83041
1823,1.5737118,98.18683
1824,1.8653375,106.164345
1825,1.852082,80.460754
1826,1.9221236,105.362465
1827,3.4994874,226.9539
1828,1.5602238,92.49655
1829,2.5079973,133.67654
1830,2.5556123,141.94449
1831,2.3454432,150.4989
1832,1.7076473,102.679276
1833,1.856633,94.64374
1834,3.7350342,215.84561
1835,1.962507,105.82719
1836,3.0626993,158.36957
1837,2.5089538,152.89449
1838,1.3557657,89.98153
1839,2.0567284,156.09534
1840,2.46509,189.9325
1841,2.526689,148.58936
1842,2.1986606,145.4772
1843,1.7756693,96.84483
1844,1.547621,105.02704
1845,2.66757,218.73401
1846,2.9820518,203.27774
1847,3.6192753,235.23857
1848,2.914053,203.91512
1849,2.050047,149.14307
1850,2.508757,179.61108
1851,2.1195645,118.76982
1852,3.6596937,243.81581
1853,2.4121747,120.936295
1854,2.1552107,111.85603
1855,2.4486802,153.16052
1856,1.2293544,74.42058
1857,1.9939599,116.47691
1858,2.604167,186.34064
1859,2.3810763,133.94147
1860,2.037711,118.404465
1861,3.539637,230.15219
1862,2.6029868,123.29323
1863,2.2377095,135.90088
1864,1.8334389,107.043274
1865,1.6604449,91.54343
1866,2.8831353,201.09694
1867,2.2954755,104.903915
1868,2.8228176,164.53879
1869,2.1078563,106.263374
1870,2.3831236,165.28058
1871,2.2919784,128.49055
1872,2.7953408,194.52295
1873,2.5487547,168.91354
1874,2.6623907,181.61118
1875,4.184679,248.89784
1876,2.309106,160.09277
1877,1.217139,70.62316
1878,1.6454828,101.81796
1879,3.9134154,244.54855
1880,3.0618973,204.32431
1881,2.7654252,218.89445
1882,2.8691506,148.49536
1883,1.2670457,80.699066
1884,2.8831842,174.92291
1885,2.4913685,180.5939
1886,2.2807536,135.73843
1887,1.5225909,82.17258
1888,2.8701086,153.294
1889,2.363884,146.485
1890,2.4401798,175.99585
1891,4.0742383,249.39723
1892,2.9924443,198.11185
1893,3.058038,188.73303
1894,3.2218456,223.08676
1895,2.8164353,195.83047
1896,1.7256391,85.441696
1897,3.208443,199.24734
1898,2.89291,208.49994
1899,2.311726,127.61875
1900,4.000884,244.5534
1901,2.3864963,170.13342
1902,3.3868759,224.51862
1903,2.1451309,136.95837
1904,1.6848469,90.21437
1905,1.6626027,88.502174
1906,0.8067125,68.45424
1907,1.9076387,100.475105
1908,1.885319,111.3358
1909,1.605644,85.44507
1910,1.8543097,104.00839
1911,1.7286712,115.40605
1912,1.926746,103.00511
1913,3.0712306,234.52773
1914,2.0567002,90.63794
1915,2.2584784,115.11455
1916,1.9488146,89.61264
1917,3.2676036,218.62979
1918,2.286089,138.29309
1919,3.1573665,234.09198
1920,1.4230958,87.271
1921,3.1544333,226.0883
1922,2.9935224,217.40244
1923,2.6816494,197.40883
1924,2.5439951,161.41537
1925,2.095676,125.08905
1926,1.9741111,103.84433
1927,2.6900387,178.4923
1928,2.6364317,161.49364
1929,3.7223783,246.53137
1930,2.9366238,184.48318
1931,2.4374473,136.68341
1932,2.546643,153.49496
1933,2.4078078,135.86156
1934,2.2425456,168.74426
1935,3.138066,206.46689
1936,2.4667737,158.04858
1937,2.0998015,103.61699
1938,2.0015101,142.39064
1939,1.8836081,91.75665
1940,3.4877083,233.90904
1941,3.1664574,222.9881
1942,2.7417355,158.51288
1943,2.9253967,172.87099
1944,2.5272357,169.84653
1945,2.1885781,110.7876
1946,2.614792,177.07349
1947,2.2953992,158.23816
1948,2.7304204,141.64568
1949,3.3124998,217.26076
1950,3.1906571,192.24672
1951,3.800787,243.95026
1952,3.6327968,244.93771
1953,2.6050606,188.78769
1954,1.9234428,105.141235
1955,1.7363968,95.91069
1956,3.0565324,183.70737
1957,2.5619447,174.44095
1958,3.0533032,211.31558
1959,3.5099635,207.57208
1960,2.2010598,135.41171
1961,2.508907,117.695114
1962,2.6700425,148.41464
1963,1.904121,141.05603
1964,2.8586535,165.00879
1965,2.0634017,147.16312
1966,2.2522135,158.09079
1967,2.1932917,100.290115
1968,3.0495858,187.34439
1969,2.548788,151.34491
1970,2.980722,176.63068
1971,1.8516703,99.27317
1972,3.063322,196.82568
1973,2.1131115,163.85728
1974,1.8194861,109.105385
1975,2.989573,214.97554
1976,1.9573376,118.256744
1977,2.406879,143.0025
1978,2.650168,180.49681
1979,2.1473155,108.43129
1980,3.0827835,214.91264
1981,1.7084985,86.92458
1982,2.5921574,140.88724
1983,3.088629,217.57658
